{"centerX":3938683.05085,"centerY":1967008.1214,"centerZ":-48350,"minX":-1520.269413,"maxX":1520.269413,"minY":-1501.808073,"maxY":1501.808073,"minZ":0,"maxZ":147.35,"totalCount":3800,"faceCount":292588}